strategy_name,strategy_type,n_trades,notional_usd,total_premium_paid_usd,total_tx_cost_usd,total_payout_usd,total_pnl_usd,max_drawdown_usd,win_rate_pct,premium_recovery_pct,sharpe_monthly,annual_sharpe_mean,annual_sharpe_min,annual_sharpe_std,annual_sharpe_cv,annual_sharpe_score,n_years,pct_positive_years,min_annual_pnl_usd,calmar,gain_to_pain,ulcer_index,feasibility_pct,ko_rate_pct,leg_a_ko_rate_pct,leg_b_ko_rate_pct,both_survive_rate_pct,structure_vs_min_leg_pct
RKO-BASKET  Call-UO  2M  ATM/H@20Δ,rko_basket,3204,10000000.0,46802083.27438841,6408000.0,66165563.72379376,19363480.449405354,-4705019.678530827,25.842696629213485,141.37311652535274,1.3878656437787402,1.407599315363635,0.6219996923596742,0.6673088938547906,0.4740758869170095,0.7402904215088444,4,100.0,937522.4913197842,1.292505759626879,2.921110309693035,13.685738846125194,100.0,34.425717852684144,,,,
RKO-BASKET  Call-UO  2M  ATM/H@15Δ,rko_basket,3204,10000000.0,72051684.50205623,6408000.0,110620280.19077785,38568595.68872162,-7727709.311542548,34.01997503121098,153.52906868904773,1.8264475504729942,1.6810744507652828,0.40837777587911506,0.989660769725377,0.58870728139069,0.6914136810399059,4,100.0,557580.8739778283,1.567449504567505,4.153173016901702,21.67205910572661,100.0,22.72159800249688,,,,
RKO-BASKET  Call-UO  2M  ATM/H@10Δ,rko_basket,3204,10000000.0,99966005.68534772,6408000.0,158703376.14115798,58737370.455810234,-11952122.259862155,39.8876404494382,158.7573446124191,1.9665594572069949,1.7925269853478054,0.5081192641322894,0.907720175529494,0.5063913586513558,0.8848068098183114,4,100.0,1097206.153789871,1.5434052852953037,4.234389035833409,32.539286013504075,100.0,13.857677902621724,,,,
RKO-BASKET  Call-UO  2M  ATM/H@5Δ,rko_basket,3204,10000000.0,125691579.24779733,6408000.0,214914778.41818976,89223199.17039245,-15067226.075093739,46.504369538077405,170.98582077204355,2.0025209021382153,2.0468823704294414,1.2553546355762684,0.7227112616003284,0.3530790396366068,1.324171108829113,4,100.0,4733348.744221718,1.8597518371002797,4.588033693259714,40.818786132434866,100.0,5.586766541822722,,,,
RKO-BASKET  Call-UO  2M  45Δ/H@20Δ,rko_basket,3204,10000000.0,32875720.817361534,6408000.0,44807043.00842679,11931322.191065263,-3835714.3983956715,21.12983770287141,136.2921995151035,1.1593816598366722,1.1354516844312064,0.4487536524202364,0.6249771787566573,0.5504216404150508,0.5104745056745491,4,100.0,475503.0321382158,0.9769060980432321,2.478260445947194,11.735050045016756,100.0,34.425717852684144,,,,
RKO-BASKET  Call-UO  2M  45Δ/H@15Δ,rko_basket,3204,10000000.0,53263998.37902178,6408000.0,81096407.89626901,27832409.517247226,-6449674.3552722335,29.213483146067414,152.25369924201775,1.656059281886688,1.4476222987715557,0.037773582520810756,1.020648077435348,0.7050513647803466,0.42697422133620777,4,100.0,41424.08373620991,1.3552628324027836,3.524289840012374,18.645705170211336,100.0,22.72159800249688,,,,
RKO-BASKET  Call-UO  2M  45Δ/H@10Δ,rko_basket,3204,10000000.0,77199495.30462162,6408000.0,122267342.50237648,45067847.19775486,-10155491.121611368,35.580524344569284,158.3784220608199,1.802148968966289,1.5892222084563234,0.2577787149273024,0.8927496390835015,0.5617525569005644,0.696472569372822,4,100.0,465465.5387627424,1.3937227598340405,3.6740928203774836,28.175543638810137,100.0,13.857677902621724,,,,
RKO-BASKET  Call-UO  2M  45Δ/H@5Δ,rko_basket,3204,10000000.0,99891193.42005442,6408000.0,172285328.15204215,72394134.73198771,-13099043.142953686,41.35455680399501,172.47299011391496,1.8625122529368079,1.8794840113825189,1.16622341920951,0.7001763590659328,0.37253648066465544,1.1793076523165862,4,100.0,3586835.1901026173,1.7356986235411436,4.196334506931104,36.11119300293253,100.0,5.586766541822722,,,,
RKO-BASKET  Call-UO  2M  40Δ/H@20Δ,rko_basket,3204,10000000.0,21470199.422379803,6408000.0,26314573.37241657,4844373.950036765,-2699829.7381626046,15.792759051186017,122.56324617547405,0.7231887237684097,0.6111318842690613,-0.045814669514273994,0.6158103576732692,1.0076554235258133,-0.004678473404207906,4,75.0,-22649.094272324724,0.5635231906701339,1.7283828649663697,9.311304162021912,100.0,34.425717852684144,,,,
RKO-BASKET  Call-UO  2M  40Δ/H@15Δ,rko_basket,3204,10000000.0,36818263.824789755,6408000.0,54154549.6176094,17336285.79281964,-4773399.04368653,22.815230961298376,147.0861034494166,1.4148743325020956,1.1068504258577414,-0.5673425564063568,1.103312971654185,0.9968040359194739,0.003537454203556445,4,75.0,-472025.52593023307,1.1406143363781698,2.8148118218235645,14.583909093437796,100.0,22.72159800249688,,,,
RKO-BASKET  Call-UO  2M  40Δ/H@10Δ,rko_basket,3204,10000000.0,56497512.614251904,6408000.0,87850298.36354256,31352785.749290667,-7902442.163136482,29.213483146067414,155.49409929488064,1.5889127708809134,1.31871300928344,-0.11347067082461254,0.8941157139475769,0.6780214555048789,0.4245972953358631,4,75.0,-163147.1661615305,1.2460208759449118,3.1219807932890755,22.544426782201754,100.0,13.857677902621724,,,,
RKO-BASKET  Call-UO  2M  40Δ/H@5Δ,rko_basket,3204,10000000.0,76061163.30399857,6408000.0,131111611.31518409,55050448.01118553,-10763854.072490305,35.08114856429464,172.37655278970928,1.6928996192207706,1.666192850365888,1.0778609462900082,0.6695271045013775,0.4018304990051737,0.9966657458645105,4,100.0,2395384.3634106857,1.606214589114477,3.7830858240031846,30.484366025872703,100.0,5.586766541822722,,,,
RKO-BASKET  Call-UO  2M  35Δ/H@20Δ,rko_basket,3204,10000000.0,13588291.956388175,6408000.0,13170772.559324877,-417519.3970632972,-2006834.3499600457,9.831460674157304,96.9273592412988,-0.10820781970096834,-0.31185197297753303,-1.214998689093628,0.6180979484248091,-1.9820235303412341,-0.9299499214023421,4,25.0,-377580.5690767041,-0.06533947498987197,0.9268359809725158,9.428757499090727,100.0,34.425717852684144,,,,
RKO-BASKET  Call-UO  2M  35Δ/H@15Δ,rko_basket,3204,10000000.0,24199196.79696685,6408000.0,33051661.29822765,8852464.501260798,-3578782.2732569873,16.822721598002495,136.58164597582996,1.0686358439005856,0.6669086674670591,-1.2500265336757237,1.1839793641858067,1.7753246013169974,-0.5170706967187476,4,75.0,-709445.2629971431,0.7768540358343471,2.1334772148969736,11.813824482816338,100.0,22.72159800249688,,,,
RKO-BASKET  Call-UO  2M  35Δ/H@10Δ,rko_basket,3204,10000000.0,39646220.902464874,6408000.0,59398953.73650819,19752732.834043317,-6238790.446445769,23.220973782771537,149.82248593791005,1.326928631391614,1.0221404021677039,-0.45164657668961367,0.8826972743027641,0.8635773250238267,0.13944312786493973,4,75.0,-495836.33899741026,0.9943454737051024,2.6068442167450536,18.636756791959307,100.0,13.857677902621724,,,,
RKO-BASKET  Call-UO  2M  35Δ/H@5Δ,rko_basket,3204,10000000.0,56169192.17657636,6408000.0,95715933.0266529,39546740.850076534,-8941600.34615983,29.33832709113608,170.40646183009963,1.4996011414914425,1.445725007864699,0.8806863758544631,0.6471645187274603,0.44764012188134356,0.7985604891372388,4,100.0,1464235.129452214,1.3890118573073011,3.3548431816290805,26.29360590042139,100.0,5.586766541822722,,,,
RKO-BASKET  Call-UO  2M  30Δ/H@20Δ,rko_basket,3204,10000000.0,8861220.222595232,6408000.0,5089669.795719875,-3771550.4268753566,-3788563.626423208,5.2434456928838955,57.43757256750851,-2.0872882146083387,-2.4366794370205955,-3.1011593357293674,0.7410857530696238,-0.30413756598848,-3.177765190090219,4,0.0,-1258315.345569838,-0.3126481356556755,0.258625505889649,21.542570378728385,100.0,34.425717852684144,,,,
RKO-BASKET  Call-UO  2M  30Δ/H@15Δ,rko_basket,3204,10000000.0,15185537.525154691,6408000.0,17640444.556396145,2454907.0312414546,-2408507.005898861,11.548064918851436,116.16608583775798,0.5020223989904076,0.0021792708196869404,-2.172641705406777,1.274464662843802,584.8124296120678,-1.272285392024115,4,75.0,-737684.7678259809,0.32010882386808254,1.4120408973492877,8.7659650486939,100.0,22.72159800249688,,,,
RKO-BASKET  Call-UO  2M  30Δ/H@10Δ,rko_basket,3204,10000000.0,26428639.05492702,6408000.0,36771932.38344989,10343293.328522867,-4482243.5955501925,17.66541822721598,139.13668542306036,1.0009857581137485,0.6834572216197716,-0.7438011079195277,0.8366941565276269,1.224208524045863,-0.15323693490785528,4,75.0,-572991.1249427047,0.7247260892551389,2.0734993398083743,13.870434706428009,100.0,13.857677902621724,,,,
RKO-BASKET  Call-UO  2M  30Δ/H@5Δ,rko_basket,3204,10000000.0,39926706.57904187,6408000.0,66019176.00243629,26092469.42339442,-6865718.960271798,23.970037453183522,165.3509183677342,1.287739700964721,1.2086063847190156,0.5916035761393624,0.6294885978209397,0.5208383852508666,0.5791177868980759,4,100.0,740877.3765885435,1.1935473996772763,2.913916179381489,20.72006967620692,100.0,5.586766541822722,,,,
RKO-BASKET  Call-UO  1M  ATM/H@20Δ,rko_basket,3281,10000000.0,35762621.10999313,6562000.0,41014566.1107291,5251945.000735979,-3903480.9337741034,21.639743980493755,114.68557068169827,0.5213830025803843,-0.15347297062951065,-2.4823910158209554,1.5566780164653877,-10.143010916386476,-1.7101509870948983,4,50.0,-1586001.6597961169,0.4129632168420908,1.4849356995611631,15.768266536574043,100.0,33.61779945138677,,,,
RKO-BASKET  Call-UO  1M  ATM/H@15Δ,rko_basket,3281,10000000.0,54308621.41789791,6562000.0,67300137.27653357,12991515.858635658,-5823146.91824826,28.497409326424872,123.92164543943696,0.857704713429478,-0.027640681752027496,-3.2822601717238897,1.9754212411312946,-71.46789138029831,-2.003061922883322,4,75.0,-2556146.897776596,0.6847709744172668,1.9213626927971859,19.543102714577028,100.0,22.828405973788477,,,,
RKO-BASKET  Call-UO  1M  ATM/H@10Δ,rko_basket,3281,10000000.0,75394091.66362403,6562000.0,98636777.79832965,23242686.1347056,-9446831.91805904,34.07497714111551,130.82825937926867,1.0972058097625073,0.1289440975099655,-3.6559313472495485,2.2504281408976192,17.45274257880392,-2.1214840433876536,4,75.0,-3467568.614008811,0.7551676764985469,2.2365559778633726,27.09550563047107,100.0,14.385857970131058,,,,
RKO-BASKET  Call-UO  1M  ATM/H@5Δ,rko_basket,3281,10000000.0,95937189.85603058,6562000.0,138215091.24401826,42277901.387987696,-13110190.670479693,40.32307223407498,144.06831329063584,1.5027050646233575,1.25284928394071,-0.5712280443320932,1.2491500767859158,0.997047364593482,0.003699207154794104,4,75.0,-1319669.8097776438,0.9898005178119501,2.9135736508437646,33.273611273231076,100.0,5.851874428527888,,,,
RKO-BASKET  Call-UO  1M  45Δ/H@20Δ,rko_basket,3281,10000000.0,25403351.86878141,6562000.0,27818230.815743215,2414878.946961807,-3001986.11750453,17.829929899420907,109.50614296662752,0.32901690338398426,-0.43190812345274116,-2.999722188840576,1.655575836873865,-3.833166701378368,-2.087483960326606,4,50.0,-1317173.9355782368,0.24690503649972304,1.2833798154071723,13.113314484983244,100.0,33.61779945138677,,,,
RKO-BASKET  Call-UO  1M  45Δ/H@15Δ,rko_basket,3281,10000000.0,40250256.580564104,6562000.0,49125254.01351899,8874997.432954881,-4753047.135613401,24.565681194757698,122.04954250463189,0.751818187881019,-0.16534718807005633,-3.53220921047274,2.022809791301154,-12.233711470461204,-2.18815697937121,4,75.0,-2147351.9283047924,0.5731118366203022,1.7594429582460138,16.153834554622765,100.0,22.828405973788477,,,,
RKO-BASKET  Call-UO  1M  45Δ/H@10Δ,rko_basket,3281,10000000.0,58211835.72716163,6562000.0,75828507.83295429,17616672.105792657,-7922378.575315604,30.326120085339838,130.2630416748268,1.01559491915477,0.012037371079445136,-3.8680232071264693,2.2964050200755994,190.77296902451664,-2.284367648996154,4,75.0,-2974955.258800136,0.6825139661003636,2.0980903946236276,22.97082796835399,100.0,14.385857970131058,,,,
RKO-BASKET  Call-UO  1M  45Δ/H@5Δ,rko_basket,3281,10000000.0,76294824.70683992,6562000.0,110898221.48027906,34603396.77343914,-11204577.213091947,36.5742151782993,145.3548414409515,1.4443420975335792,1.2002675623448467,-0.5917821068351043,1.2118854614475199,1.0096794243776583,-0.01161789910267319,4,75.0,-1202980.3448091033,0.9479087277172048,2.8075173984126804,28.573844975919584,100.0,5.851874428527888,,,,
RKO-BASKET  Call-UO  1M  40Δ/H@20Δ,rko_basket,3281,10000000.0,17291711.68442013,6562000.0,16924654.66721316,-367057.01720696874,-2316992.901921652,13.715330691862238,97.87726614978384,-0.07741742716954655,-0.8536345352119261,-3.4548346046456517,1.6588921525819893,-1.9433283028669257,-2.5125266877939154,4,50.0,-1180330.8604878366,-0.04862415766880583,0.9439227671401653,11.230478506501719,100.0,33.61779945138677,,,,
RKO-BASKET  Call-UO  1M  40Δ/H@15Δ,rko_basket,3281,10000000.0,28459022.92768789,6562000.0,33290636.120060597,4831613.192372706,-3561478.928425493,20.268210911307527,116.97743877099876,0.5727223341851354,-0.35089280666058276,-3.7718810349808862,2.034851062338814,-5.799067475062597,-2.3857438689993966,4,75.0,-1699035.8249116407,0.4163945556128215,1.5266695500471001,12.620152859543067,100.0,22.828405973788477,,,,
RKO-BASKET  Call-UO  1M  40Δ/H@10Δ,rko_basket,3281,10000000.0,43211342.98002686,6562000.0,55346522.79629415,12135179.81626729,-6220191.823516568,25.693386162755257,128.08332021033553,0.9062619224848256,-0.12176142502765908,-4.081780884437631,2.332406381070492,-19.155544381487545,-2.454167806098151,4,75.0,-2428423.858553167,0.5988053903907579,1.9354140560613349,18.3729559898086,100.0,14.385857970131058,,,,
RKO-BASKET  Call-UO  1M  40Δ/H@5Δ,rko_basket,3281,10000000.0,58838437.350945935,6562000.0,85747944.29374306,26909506.94279713,-9109506.474145683,31.85004571776897,145.73457106328897,1.374046612406247,1.1514162833329753,-0.565668098880119,1.1530073305558028,1.0013818175457985,-0.0015910472228275463,4,75.0,-975224.450401336,0.906680247980148,2.704539143482786,23.43331447118436,100.0,5.851874428527888,,,,
RKO-BASKET  Call-UO  1M  35Δ/H@20Δ,rko_basket,3281,10000000.0,11679781.403171912,6562000.0,8660601.477362318,-3019179.925809595,-3274135.6721004243,9.509295946357819,74.15037301135047,-1.1776387662797199,-1.8405014615578659,-4.2203434957069375,1.5147432972962118,-0.8230057562758354,-3.3552447588540777,4,0.0,-1276489.5060661586,-0.283032030419806,0.44987779586417365,17.926722790595935,100.0,33.61779945138677,,,,
RKO-BASKET  Call-UO  1M  35Δ/H@15Δ,rko_basket,3281,10000000.0,19391428.673169285,6562000.0,20287812.58810456,896383.9149352747,-2483562.6527720625,15.665955501371535,104.62257799589332,0.16542136233654597,-0.7742534862573387,-4.31517820716277,2.075305457007514,-2.680395366431381,-2.8495589432648525,4,50.0,-1304229.5116099948,0.11078021344640321,1.1245166264025066,10.52260652809272,100.0,22.828405973788477,,,,
RKO-BASKET  Call-UO  1M  35Δ/H@10Δ,rko_basket,3281,10000000.0,30955031.239229437,6562000.0,37822372.47480571,6867341.235576282,-4593612.468247796,20.908259676927766,122.18489518716191,0.7075161978816772,-0.40177962319251337,-4.615110973559262,2.4619196929521117,-6.127537462925239,-2.863699316144625,4,75.0,-1903553.3342695474,0.4588571856883045,1.6764526591868039,14.212742842073927,100.0,14.385857970131058,,,,
RKO-BASKET  Call-UO  1M  35Δ/H@5Δ,rko_basket,3281,10000000.0,44174709.67120517,6562000.0,63540436.488867566,19365726.817662396,-7097418.2399014905,27.034440719292895,143.83894531917147,1.2578594952684934,1.0648023174235677,-0.5044575882493537,1.0466740837630697,0.9829750242238751,0.018128233660497983,4,75.0,-700042.8897102489,0.8374842843562875,2.5456269651572323,18.648549166577265,100.0,5.851874428527888,,,,
RKO-BASKET  Call-UO  1M  30Δ/H@20Δ,rko_basket,3281,10000000.0,8311132.982991645,6562000.0,3179275.3413760792,-5131857.641615566,-5229761.37242588,4.815604998476075,38.2532122621828,-4.8217141838412605,-4.916326156465711,-6.167740330416756,0.7258914898097517,-0.1476491727171304,-5.642217646275463,4,0.0,-1525198.5589857367,-0.30118683912575595,0.05243731603968497,30.621509499700647,100.0,33.61779945138677,,,,
RKO-BASKET  Call-UO  1M  30Δ/H@15Δ,rko_basket,3281,10000000.0,12900365.530047096,6562000.0,10444223.746948479,-2456141.7830986185,-2962117.044507693,9.935995123437976,80.96068070801671,-0.8102178241317484,-1.746889098304884,-5.481683660990669,2.157540180963052,-1.235075645647253,-3.9044292792679363,4,0.0,-1040664.459714156,-0.25450392314299497,0.5890992018237008,16.68944422979574,100.0,22.828405973788477,,,,
RKO-BASKET  Call-UO  1M  30Δ/H@10Δ,rko_basket,3281,10000000.0,21301797.840953182,6562000.0,23482975.851595875,2181178.010642693,-3298095.100533362,15.483084425480037,110.23940808624766,0.337388585440731,-0.886523595196238,-5.4658185247674265,2.655108188380513,-2.994966183379233,-3.5416317835767512,4,75.0,-1462085.1655165965,0.20298839028116514,1.2811572238901443,12.01289092797348,100.0,14.385857970131058,,,,
RKO-BASKET  Call-UO  1M  30Δ/H@5Δ,rko_basket,3281,10000000.0,32096186.086000934,6562000.0,44381906.86883293,12285720.782831993,-5424533.1925765565,21.85309356903383,138.277821389472,1.0694976461014116,0.9061482898040567,-0.4767983442849639,0.9238854122027191,1.0195741939793297,-0.01773712239866243,4,75.0,-503360.2898485099,0.6951548116031318,2.258487204785666,14.704924214455128,100.0,5.851874428527888,,,,
RKO-BASKET  Call-UO  6W  ATM/H@20Δ,rko_basket,3254,10000000.0,40464848.00343388,6508000.0,52845736.39927326,12380888.395839373,-3299634.6640865877,24.431468961278426,130.59665118422961,1.0707468977917196,0.72705155244649,-0.595312038116462,1.0266900107108112,1.4121282146445513,-0.29963845826432123,4,75.0,-614857.668412932,1.1614330190415876,2.34536149213562,10.75412865201744,100.0,33.58942839582053,,,,
RKO-BASKET  Call-UO  6W  ATM/H@15Δ,rko_basket,3254,10000000.0,61901622.54894671,6508000.0,83912463.3965075,22010840.847560793,-5320317.957147606,31.28457283343577,135.5577769066658,1.1952739320967467,0.8094182111820712,-0.7380231415588027,0.9587441750988062,1.1844855500578124,-0.14932596391673492,4,75.0,-1070654.1886855492,1.2805816170000137,2.5244487960222126,16.24777081199638,100.0,23.263675476336818,,,,
RKO-BASKET  Call-UO  6W  ATM/H@10Δ,rko_basket,3254,10000000.0,86024212.51449728,6508000.0,124268732.22003022,38244519.70553294,-9510831.806173176,38.322065150583896,144.45785504759812,1.4542904370493228,1.1058644440500698,-0.3992714377916473,0.9609211837289298,0.8689321633397434,0.14494326032114002,4,75.0,-550243.300985146,1.2446834845271464,3.1264161070533962,26.22171180452326,100.0,13.429625076828518,,,,
RKO-BASKET  Call-UO  6W  ATM/H@5Δ,rko_basket,3254,10000000.0,109067434.40199664,6508000.0,165757806.50901577,56690372.10701912,-13246642.285616837,43.20835894283958,151.97735916118816,1.6165577470406032,1.4226620585211835,0.25017583724703624,0.8534172874946974,0.5998735134483029,0.5692447710264862,4,100.0,453143.6791195594,1.32468224749336,3.3192630928389733,33.57170743043321,100.0,6.084818684695759,,,,
RKO-BASKET  Call-UO  6W  45Δ/H@20Δ,rko_basket,3254,10000000.0,28543921.474339135,6508000.0,35623893.53158875,7079972.057249618,-2866687.349352993,20.436385986478182,124.80378200176344,0.8405170566301694,0.44043902177402106,-0.9927835513991178,1.0743268195759519,2.4392180675743207,-0.6338877978019308,4,50.0,-713994.8398938598,0.764468211458833,1.946464098594106,10.022694308725988,100.0,33.58942839582053,,,,
RKO-BASKET  Call-UO  6W  45Δ/H@15Δ,rko_basket,3254,10000000.0,45760397.884709954,6508000.0,60815916.09329656,15055518.208586607,-4587669.191659575,27.197295636140133,132.90075896306212,1.0315108852200794,0.6206188900963266,-0.991858176761181,0.9911432334281474,1.5970239534189998,-0.3705243433318207,4,75.0,-1104387.5134104474,1.01580847428565,2.2364791190318423,14.593147319878415,100.0,23.263675476336818,,,,
RKO-BASKET  Call-UO  6W  45Δ/H@10Δ,rko_basket,3254,10000000.0,66359389.08357157,6508000.0,94987003.86530694,28627614.78173536,-8369517.281962998,33.712354025814385,143.1402627074857,1.3051536158226769,0.9117666401572707,-0.789083266144384,1.0599780518304591,1.162554106660037,-0.1482114116731884,4,75.0,-896669.2028975304,1.058748898417771,2.7961779900877213,23.76472712416787,100.0,13.429625076828518,,,,
RKO-BASKET  Call-UO  6W  45Δ/H@5Δ,rko_basket,3254,10000000.0,86657984.04501018,6508000.0,131760125.69097175,45102141.645961575,-11716012.999250844,38.87523048555624,152.04614686459303,1.5019691350883344,1.2638437067044703,-0.07902319888315594,0.9217639018529236,0.7293337751836931,0.34207980485154676,4,75.0,-125509.29814467765,1.191586397734048,3.0657914849675834,30.021826763646587,100.0,6.084818684695759,,,,
RKO-BASKET  Call-UO  6W  40Δ/H@20Δ,rko_basket,3254,10000000.0,19053562.101800863,6508000.0,20971783.73954127,1918221.6377404088,-2291605.1921597277,15.703749231714811,110.067522426996,0.36144728318659475,-0.10720836710138693,-1.6831569867912712,1.1390760493036742,-10.624880129238889,-1.2462844164050613,4,50.0,-720184.2165808706,0.2590998760931274,1.317595251492614,9.72452095077104,100.0,33.58942839582053,,,,
RKO-BASKET  Call-UO  6W  40Δ/H@15Δ,rko_basket,3254,10000000.0,32007174.25742148,6508000.0,40267318.8362313,8260144.578809816,-3747428.342521551,22.095881991395206,125.80716595715896,0.7798687805673228,0.345303856309362,-1.3109445315185524,1.010442389522318,2.9262412540711686,-0.665138533212956,4,75.0,-1013695.1670815122,0.6822798245482149,1.8521037728716647,12.793161882018675,100.0,23.263675476336818,,,,
RKO-BASKET  Call-UO  6W  40Δ/H@10Δ,rko_basket,3254,10000000.0,48931755.114569515,6508000.0,68109020.1646502,19177265.050080698,-6954646.059930518,28.365089121081745,139.19186018400276,1.1179536873791103,0.6773483755951559,-1.2115955120118669,1.1528897816440544,1.7020632560476157,-0.4755414060488985,4,75.0,-1038893.42158022,0.8535320933126875,2.404967878499251,20.782400977815627,100.0,13.429625076828518,,,,
RKO-BASKET  Call-UO  6W  40Δ/H@5Δ,rko_basket,3254,10000000.0,66457193.24377583,6508000.0,99836103.35282172,33378910.1090459,-9901707.003017295,33.527965580823604,150.226180914091,1.362996595724572,1.0873150631523314,-0.3921505255495453,0.9723756155166932,0.8942905772845572,0.11493944763563824,4,75.0,-519297.01230725175,1.0434467677219246,2.759647063103586,25.976275367396596,100.0,6.084818684695759,,,,
RKO-BASKET  Call-UO  6W  35Δ/H@20Δ,rko_basket,3254,10000000.0,12490590.242151009,6508000.0,10080295.142644279,-2410295.099506731,-2584173.211125268,9.987707437000616,80.70311288114392,-0.912088925653845,-1.5210579916412876,-3.731739422048205,1.418155259504937,-0.9323479231549126,-2.9392132511462243,4,25.0,-1124229.15427179,-0.2887066683471608,0.5245919047607907,13.322687935036775,100.0,33.58942839582053,,,,
RKO-BASKET  Call-UO  6W  35Δ/H@15Δ,rko_basket,3254,10000000.0,21439609.98908805,6508000.0,23765880.087664098,2326270.0985760437,-2876016.3958581085,15.94960049170252,110.85033776155456,0.3385812660909019,-0.18867497391497012,-2.0648059615723913,1.1380852205827994,-6.031988222750192,-1.3267601944977696,4,75.0,-950341.8170825791,0.2503669496320638,1.3052587425921152,11.416052802759818,100.0,23.263675476336818,,,,
RKO-BASKET  Call-UO  6W  35Δ/H@10Δ,rko_basket,3254,10000000.0,34712471.97844511,6508000.0,45403381.82933214,10690909.850887034,-5412888.344396439,22.249539028887522,130.79846879682208,0.8583479096953858,0.29521516803673975,-1.9601828310897913,1.3378459284832143,4.5317655504635805,-1.0426307604464746,4,75.0,-1092139.8243919818,0.611355489347763,1.9765003771137875,17.290263484490033,100.0,13.429625076828518,,,,
RKO-BASKET  Call-UO  6W  35Δ/H@5Δ,rko_basket,3254,10000000.0,49529910.1511253,6508000.0,72004697.7010403,22474787.549914997,-8075515.855409062,27.197295636140133,145.37619285264216,1.1856548521429902,0.8511384349408656,-0.7954097440723092,1.0296888388632222,1.209778335218479,-0.17855040392235655,4,75.0,-795411.4995029536,0.8614568689434358,2.4198906805624993,21.563548783313863,100.0,6.084818684695759,,,,
RKO-BASKET  Call-UO  6W  30Δ/H@20Δ,rko_basket,3254,10000000.0,8552411.734418683,6508000.0,3548763.6635743584,-5003648.070844324,-5065426.536945016,4.947756607252613,41.49430328865676,-4.594478756949079,-5.475795300041456,-9.268176882434927,2.2616018254943824,-0.41301796388869033,-7.737397125535839,4,0.0,-1547206.053996605,-0.3057587908577678,0.07248789753252308,28.82932332475766,100.0,33.58942839582053,,,,
RKO-BASKET  Call-UO  6W  30Δ/H@15Δ,rko_basket,3254,10000000.0,13881046.927720422,6508000.0,12021758.727628924,-1859288.2000914982,-2377404.1277644685,10.172095881991396,86.60556217572824,-0.4714867639209897,-1.4581153462761862,-4.524073633827313,1.851885991598752,-1.2700545236892256,-3.3100013378749384,4,25.0,-939355.2549389257,-0.24207610221831952,0.693473901292244,13.236390247653794,100.0,23.263675476336818,,,,
RKO-BASKET  Call-UO  6W  30Δ/H@10Δ,rko_basket,3254,10000000.0,23530555.845091373,6508000.0,27636318.965506148,4105763.1204147744,-3995236.533001572,16.50276582667486,117.44864484903898,0.4949880914473422,-0.47313236591351326,-3.953314065407653,2.024022618867649,-4.277920439790062,-2.4971549847811625,4,75.0,-1130351.4090177524,0.3180970272176707,1.4824558256064877,13.869362308265643,100.0,13.429625076828518,,,,
RKO-BASKET  Call-UO  6W  30Δ/H@5Δ,rko_basket,3254,10000000.0,35628434.87216689,6508000.0,49105953.872567415,13477519.00040053,-6239046.186665002,21.78856791641057,137.82798500343117,0.9666746263483484,0.5091896765692222,-1.5017722442147696,1.206952662862033,2.3703400096289124,-0.6977629862928109,4,75.0,-977035.2885616778,0.6686517250972246,2.0701474924728465,17.18228560048442,100.0,6.084818684695759,,,,
RKO-BASKET  Call-UO  10W  ATM/H@20Δ,rko_basket,3177,10000000.0,49504535.049787775,6354000.0,73922104.48903364,24417569.43924587,-4582070.352089666,25.904941768964434,149.32390419319884,1.624278648560614,1.604293661822427,0.9409303835006959,0.6478283304360456,0.4038090692823239,0.9564653313863815,4,100.0,896048.6729425843,1.6895786927320746,3.563483599779271,13.413329478158062,100.0,34.372049102927285,,,,
RKO-BASKET  Call-UO  10W  ATM/H@15Δ,rko_basket,3177,10000000.0,76292077.14735112,6354000.0,119284700.85442474,42992623.707073644,-7150304.1878369115,33.55366698142902,156.35267162019636,1.9062517574356508,1.7234653831797682,0.5758810456939044,0.776356132497987,0.45046227216100004,0.9471092506817812,4,100.0,833525.6836712828,1.9063699216316181,4.100110250932916,20.324587184362606,100.0,23.229461756373937,,,,
RKO-BASKET  Call-UO  10W  ATM/H@10Δ,rko_basket,3177,10000000.0,105584191.70300435,6354000.0,174796188.72120053,69211997.0181962,-10738923.284349442,40.32105760151086,165.55147688479846,2.0010522017714356,1.6701683784675392,-0.2924814423187836,1.2120284807655743,0.7256923890977205,0.45813989770196484,4,75.0,-531667.5277077785,2.043423511313415,4.304382644825056,29.892068130623596,100.0,13.660686181932642,,,,
RKO-BASKET  Call-UO  10W  ATM/H@5Δ,rko_basket,3177,10000000.0,131983788.15170112,6354000.0,231178513.58729705,99194725.43559591,-15439807.83572042,46.0182562165565,175.15674979837848,2.021185409478985,1.9760327390175543,1.1561948289293151,0.7952986134332183,0.4024723870863727,1.180734125584336,4,100.0,2248702.6078533493,2.0369690691012,4.720365339066253,44.500823695074104,100.0,5.6657223796034,,,,
RKO-BASKET  Call-UO  10W  45Δ/H@20Δ,rko_basket,3177,10000000.0,34765957.836909644,6354000.0,50911807.1563148,16145849.319405153,-3811991.575622419,21.65564998426188,146.44154892883103,1.3862266723439023,1.2662929381276027,0.34477153600766447,0.7290748564246469,0.5757552889007574,0.5372180817029558,4,100.0,241178.250194816,1.3429093835373553,2.965661080898686,11.701952397486503,100.0,34.372049102927285,,,,
RKO-BASKET  Call-UO  10W  45Δ/H@15Δ,rko_basket,3177,10000000.0,56459220.50854833,6354000.0,87883381.67477334,31424161.16622502,-6147087.476416241,29.52470884482216,155.6581562465376,1.6989353200579214,1.4444987666734355,0.12118888800504463,0.8326770737032053,0.5764470644864541,0.6118216929702301,4,100.0,161553.0699503143,1.620809768932843,3.555360708345239,17.976087695156068,100.0,23.229461756373937,,,,
RKO-BASKET  Call-UO  10W  45Δ/H@10Δ,rko_basket,3177,10000000.0,81633813.13010903,6354000.0,135583943.82590392,53950130.6957949,-9436720.554614082,36.13471828769279,166.08797093651438,1.8362786693401758,1.4488506366609024,-0.6357491570516278,1.2544573274818853,0.865829296505659,0.1943933091790171,4,75.0,-1042116.8302852293,1.8126299517376026,3.9258076658100705,26.853075429826585,100.0,13.660686181932642,,,,
RKO-BASKET  Call-UO  10W  45Δ/H@5Δ,rko_basket,3177,10000000.0,104937593.5681881,6354000.0,185850763.5615697,80913169.99338157,-13645458.825641632,42.30406043437205,177.10598960972405,1.8825421606315615,1.734539145282892,0.6231533356337263,0.8758257611186341,0.5049328310061245,0.8587133841642579,4,100.0,1143867.7513317459,1.8800474843732504,4.322418196542299,40.1039732202023,100.0,5.6657223796034,,,,
RKO-BASKET  Call-UO  10W  40Δ/H@20Δ,rko_basket,3177,10000000.0,22519662.74907215,6354000.0,30522947.608221598,8003284.859149449,-3061823.052113018,16.399118665407617,135.5390973138761,0.9893433473535662,0.7139046608071694,-0.7080403583259148,0.9266632401695652,1.2980209978204127,-0.21275857936239584,4,75.0,-328418.2310759795,0.8287545618051294,2.2214223252079273,10.107820969918501,100.0,34.372049102927285,,,,
RKO-BASKET  Call-UO  10W  40Δ/H@15Δ,rko_basket,3177,10000000.0,38858654.573038936,6354000.0,58621657.61502477,19763003.041985836,-4945734.640608657,24.11079634875669,150.85869096378306,1.4210272791393779,1.1278035616831996,-0.290180444046075,0.8612860429052248,0.7636844501712616,0.2665175187779748,4,75.0,-321808.22454283666,1.26695115589966,2.9082905751291763,14.802210410804754,100.0,23.229461756373937,,,,
RKO-BASKET  Call-UO  10W  40Δ/H@10Δ,rko_basket,3177,10000000.0,59569931.305222824,6354000.0,97827894.5510879,38257963.245865054,-7862093.387925256,30.437519672647152,164.22361484662443,1.626733179102783,1.185196633918394,-1.0018135253334153,1.2898197946283474,1.0882749391247066,-0.10462316070995348,4,75.0,-1333604.1181712311,1.5428417869019824,3.362830124663585,22.951240680814337,100.0,13.660686181932642,,,,
RKO-BASKET  Call-UO  10W  40Δ/H@5Δ,rko_basket,3177,10000000.0,79650616.6914181,6354000.0,141380674.53085762,61730057.83943954,-12071471.439000413,36.51243311299969,177.50104192989963,1.7165199503810633,1.4872477490146954,0.15240854020493022,0.9479427051535687,0.6373804941251938,0.5393050438611267,4,100.0,242339.67498632212,1.621340451485178,3.8987398810030087,36.15375469563646,100.0,5.6657223796034,,,,
RKO-BASKET  Call-UO  10W  35Δ/H@20Δ,rko_basket,3177,10000000.0,14059294.626039905,6354000.0,15316344.304885527,1257049.678845623,-2484547.587172517,10.953729933899906,108.94105794267502,0.2630143861388235,-0.300556491277213,-2.6112186370882364,1.3610701996741734,-4.528500428955348,-1.6616266909513864,4,75.0,-675439.3605573712,0.16041422137493253,1.221038442369363,8.81940405256623,100.0,34.372049102927285,,,,
RKO-BASKET  Call-UO  10W  35Δ/H@15Δ,rko_basket,3177,10000000.0,25362360.703123745,6354000.0,34903561.150932625,9541200.447808884,-3977499.898146787,17.59521561221278,137.61952824302253,1.0184145374994014,0.7001607145667659,-0.7078643615696663,0.8414102751510151,1.201738768893438,-0.1412495605842492,4,75.0,-596823.8524854822,0.7605549341787655,2.074198845452597,12.381539881095508,100.0,23.229461756373937,,,,
RKO-BASKET  Call-UO  10W  35Δ/H@10Δ,rko_basket,3177,10000000.0,41632164.07393561,6354000.0,65833886.1536529,24201722.07971729,-6453750.296016531,24.23670129052565,158.13227012829995,1.376104547942909,0.8619285808705419,-1.4390158867889589,1.335785485447594,1.5497635362067468,-0.473856904577052,4,75.0,-1372470.3217792944,1.1889726289845413,2.796235706915017,19.510857242943793,100.0,13.660686181932642,,,,
RKO-BASKET  Call-UO  10W  35Δ/H@5Δ,rko_basket,3177,10000000.0,58592312.81078969,6354000.0,102475100.68898144,43882787.878191754,-10142618.201941695,30.18570978910922,174.89512834200804,1.5209881536710634,1.2079268596369583,-0.3390189767700505,1.0221194448619524,0.8461766014286244,0.18580741477500595,4,75.0,-423655.8383140365,1.3717718244366814,3.434362826552679,31.24427076878676,100.0,5.6657223796034,,,,
RKO-BASKET  Call-UO  10W  30Δ/H@20Δ,rko_basket,3177,10000000.0,8986432.332794964,6354000.0,5445331.20277996,-3541101.1300150035,-3532166.693640466,5.917532263141329,60.59502816159693,-1.7684752990682167,-2.6200270353821624,-5.389978356158593,1.7016055849659044,-0.6494610788310834,-4.321632620348067,4,0.0,-1052798.7045029132,-0.3178592719935242,0.3055213928927835,20.556981855285997,100.0,34.372049102927285,,,,
RKO-BASKET  Call-UO  10W  30Δ/H@15Δ,rko_basket,3177,10000000.0,15728331.498196635,6354000.0,17372253.2033166,1643921.7051199607,-2643378.591052992,11.835064526282657,110.45197772763404,0.31929709467815526,-0.06461731087167297,-1.1281596438894534,0.8611763740151035,-13.327332295294067,-0.9257936848867765,4,50.0,-628979.7985391684,0.19717847655327958,1.2373476350885122,9.272567712154242,100.0,23.229461756373937,,,,
RKO-BASKET  Call-UO  10W  30Δ/H@10Δ,rko_basket,3177,10000000.0,27581379.816656988,6354000.0,40049814.753931314,12468434.937274326,-4646432.626724276,17.94145420207743,145.20598686561857,1.054174900213995,0.46931689520283343,-1.8530879109607528,1.3421721483243434,2.8598419576270993,-0.8728552531215099,4,75.0,-1146810.145623984,0.8508050218563559,2.216870718456857,14.937224143795568,100.0,13.660686181932642,,,,
RKO-BASKET  Call-UO  10W  30Δ/H@5Δ,rko_basket,3177,10000000.0,41448113.91343428,6354000.0,69611631.08880468,28163517.175370395,-7650592.125284452,23.60717658168083,167.94885102417638,1.2890072182273598,0.8917890690230597,-0.8263315076369953,1.0823447554726173,1.2136779795454415,-0.19055568644955767,4,75.0,-728050.8517273653,1.1671578268980825,2.9643593029289437,25.168779402475266,100.0,5.6657223796034,,,,
RKO-BASKET  Call-UO  3M  ATM/H@20Δ,rko_basket,3132,10000000.0,55350044.85269635,6264000.0,82108387.05742696,26758342.2047306,-4971366.062716493,24.55300127713921,148.34384918014584,1.6392675540025248,1.5895394826336195,1.067318955438885,0.39666917340483343,0.24954974553234396,1.1928703092287862,4,100.0,2302671.676020464,1.7336468319186578,3.2910890826505064,15.792689324802938,100.0,34.67432950191571,,,,
RKO-BASKET  Call-UO  3M  ATM/H@15Δ,rko_basket,3132,10000000.0,85287421.70593697,6264000.0,141790932.74195415,56503511.03601718,-7789193.669119943,32.56704980842912,166.250696651185,1.8922442945832105,1.9395140976735685,1.684034303079736,0.30998632449247665,0.1598267962394822,1.629527773181092,4,100.0,4514229.790277526,2.3364694284258656,4.2738186870590775,24.923240264645454,100.0,23.05236270753512,,,,
RKO-BASKET  Call-UO  3M  ATM/H@10Δ,rko_basket,3132,10000000.0,117128927.66846001,6264000.0,209775046.99288473,92646119.3244247,-11028118.123683967,40.13409961685824,179.09755614485329,2.050207033821407,2.1595927912898674,1.5925825926769532,0.758545189603565,0.3512445460380084,1.4010476016863023,4,100.0,4009538.67256302,2.705845488470754,4.975631850575942,37.69900892598136,100.0,12.739463601532567,,,,
RKO-BASKET  Call-UO  3M  ATM/H@5Δ,rko_basket,3132,10000000.0,144201710.8269487,6264000.0,272675475.132516,128473764.30556732,-16284292.214528054,45.84929757343551,189.09309297983577,2.1007793640201813,2.0679287771905903,1.4402660392565754,0.7209543213238244,0.34863595365372574,1.346974455866766,4,100.0,3882356.995086692,2.5411057111041813,5.276911247819638,54.385753859787876,100.0,5.9067688378033205,,,,
RKO-BASKET  Call-UO  3M  45Δ/H@20Δ,rko_basket,3132,10000000.0,38949392.015725195,6264000.0,57513282.35895231,18563890.343227115,-3717236.2496422064,19.987228607918265,147.6615664134943,1.4968795671134474,1.4389563130451637,1.0183273139101012,0.3360149268919245,0.2335129453519262,1.1029413861532391,4,100.0,1639900.7110467057,1.608518279947666,3.01416382476198,12.376671875342458,100.0,34.67432950191571,,,,
RKO-BASKET  Call-UO  3M  45Δ/H@15Δ,rko_basket,3132,10000000.0,63361908.75036279,6264000.0,107712120.4820433,44350211.73168051,-6226337.992016919,27.458492975734355,169.99506897182383,1.7716942920722505,1.8102288699406306,1.5541587629160871,0.29940607442691647,0.16539680666828388,1.5108227955137141,4,100.0,3622670.5160117485,2.294247014601528,4.103419843402194,20.505653978866697,100.0,23.05236270753512,,,,
RKO-BASKET  Call-UO  3M  45Δ/H@10Δ,rko_basket,3132,10000000.0,90879344.62988892,6264000.0,166841749.42824146,75962404.79835255,-9684894.307908237,35.217113665389526,183.58599537410132,1.9504829537811565,2.030059876648619,1.3675771022163419,0.7784642743917335,0.3834686273770816,1.2515956022568857,4,100.0,3022449.7015947886,2.5262771244026956,4.824043244135757,33.90810768725486,100.0,12.739463601532567,,,,
RKO-BASKET  Call-UO  3M  45Δ/H@5Δ,rko_basket,3132,10000000.0,114809093.27565433,6264000.0,223632962.7960962,108823869.52044189,-14719701.786693603,41.347381864623244,194.78680339296642,2.0192058424590265,1.9425889543274613,1.1922349046653637,0.7537089795390065,0.38799200307403486,1.1888799747884549,4,100.0,2896642.215732939,2.3812353595130684,5.1162600190865914,50.00844301205646,100.0,5.9067688378033205,,,,
RKO-BASKET  Call-UO  3M  40Δ/H@20Δ,rko_basket,3132,10000000.0,24852152.460740585,6264000.0,35054878.67028538,10202726.209544796,-2622872.225738779,15.229885057471265,141.05369233374148,1.215776514349722,1.1688438129287013,0.800596379293986,0.3508235583047293,0.30014579743181585,0.8180202546239721,4,100.0,764978.401070318,1.2528995933379425,2.521878015652532,9.486417231778377,100.0,34.67432950191571,,,,
RKO-BASKET  Call-UO  3M  40Δ/H@15Δ,rko_basket,3132,10000000.0,43265668.51814142,6264000.0,74751012.85965472,31485344.341513313,-5368848.604065856,23.14814814814815,172.7721202974396,1.5868064895825562,1.627888972999302,1.2991947126127346,0.3522502951005036,0.2163847172276746,1.2756386778987985,4,100.0,2460670.2804080043,1.8888803989344856,3.8123499892549177,18.349962452476397,100.0,23.05236270753512,,,,
RKO-BASKET  Call-UO  3M  40Δ/H@10Δ,rko_basket,3132,10000000.0,65945884.50845289,6264000.0,123896616.91359022,57950732.40513734,-8411961.210107852,31.098339719029372,187.87619248280654,1.8119226227208147,1.846164618013236,0.9638002059733419,0.8660747787816288,0.4691211012990064,0.9800898392316073,4,100.0,1785071.4801024913,2.2189056592136835,4.598144207927296,30.135903911475573,100.0,12.739463601532567,,,,
RKO-BASKET  Call-UO  3M  40Δ/H@5Δ,rko_basket,3132,10000000.0,86538720.40705504,6264000.0,173639846.60901082,87101126.2019558,-12822612.960706629,36.04725415070243,200.64988919671492,1.911644467501658,1.764231381669811,0.7783243728193551,0.8457335753933831,0.47937792297567716,0.9184978062764279,4,100.0,1643496.9360146748,2.187884576710854,4.923513163866265,44.42295394242773,100.0,5.9067688378033205,,,,
RKO-BASKET  Call-UO  3M  35Δ/H@20Δ,rko_basket,3132,10000000.0,15120612.136647439,6264000.0,17590893.254583552,2470281.1179361134,-2196043.378602456,10.919540229885058,116.33717666726568,0.5004917596286059,0.377549952084415,-0.32332890118222063,0.5590361296216906,1.4806944790624625,-0.18148617753727558,4,75.0,-125316.51980206757,0.362311929867107,1.4662337200363622,9.333316907913563,100.0,34.67432950191571,,,,
RKO-BASKET  Call-UO  3M  35Δ/H@15Δ,rko_basket,3132,10000000.0,27879884.128617175,6264000.0,46927839.61818781,19047955.48957063,-4163902.171073553,18.326947637292466,168.32150163070062,1.3032865564473566,1.3331423449914002,0.8243177413563944,0.4354412125442925,0.3266276959697814,0.8977011324471076,4,100.0,1216730.435006415,1.473414773869603,3.24491365107253,14.939878457518875,100.0,23.05236270753512,,,,
RKO-BASKET  Call-UO  3M  35Δ/H@10Δ,rko_basket,3132,10000000.0,45735184.44192097,6264000.0,85973778.24211428,40238593.800193295,-6635987.33828659,25.925925925925924,187.98170225221725,1.6279500054435998,1.5760802284938467,0.33069758673043326,1.0071072987682363,0.6389949449024309,0.5689729297256103,4,100.0,494385.39811731456,1.9530547433842016,4.135335559689727,24.272970521216994,100.0,12.739463601532567,,,,
RKO-BASKET  Call-UO  3M  35Δ/H@5Δ,rko_basket,3132,10000000.0,63132580.9517589,6264000.0,128439597.85772303,65307016.90596413,-10438666.246390454,31.385696040868456,203.44423738333583,1.7702977814568495,1.5169467037832467,0.18174809457931004,0.9942502735155697,0.6554286126440181,0.522696430267677,4,100.0,322984.06189767126,2.015078662670902,4.491996901146984,36.7949887697727,100.0,5.9067688378033205,,,,
RKO-BASKET  Call-UO  3M  30Δ/H@20Δ,rko_basket,3132,10000000.0,9289086.817673663,6264000.0,6025353.825200142,-3263732.9924735203,-3817725.056268549,5.555555555555555,64.86486716580303,-1.423441523026036,-2.3721134236068373,-4.706136813249489,1.6015840547445508,-0.6751717851287719,-3.9736974783513883,4,0.0,-1372753.1109368235,-0.27535130774686284,0.32666034034809144,21.69182232090475,100.0,34.67432950191571,,,,
RKO-BASKET  Call-UO  3M  30Δ/H@15Δ,rko_basket,3132,10000000.0,16914041.01531887,6264000.0,25211685.43298713,8297644.417668261,-3394661.6959215337,12.739463601532567,149.05772907936768,0.88378503912067,0.8596168918704514,0.3406534864655305,0.34680883548811914,0.4034458126264752,0.5128080563823323,4,100.0,346623.06979032146,0.7872913682883053,2.2578759882018584,12.746584350977882,100.0,23.05236270753512,,,,
RKO-BASKET  Call-UO  3M  30Δ/H@10Δ,rko_basket,3132,10000000.0,29955295.117134288,6264000.0,54090324.340406284,24135029.22327199,-4499160.106482688,20.178799489144318,180.57016006317653,1.4034119156259868,1.2302160216067755,-0.35943286224389204,1.107122022103343,0.8999411507072878,0.12309399950343236,4,75.0,-378506.56718059885,1.7278003230730123,3.457414444632205,16.91648284195063,100.0,12.739463601532567,,,,
RKO-BASKET  Call-UO  3M  30Δ/H@5Δ,rko_basket,3132,10000000.0,44214765.924748555,6264000.0,88919625.42965573,44704859.50490719,-7776469.864582434,25.830140485312896,201.1084387079935,1.6002493371956321,1.2296538740864367,-0.4366321630541717,1.1356897758157074,0.9235849207236961,0.09396409827072927,4,75.0,-572822.9098509683,1.8516095456343862,4.024549358084605,27.56554153802433,100.0,5.9067688378033205,,,,
